{
  "view/CreateTODiv.view.xml": 1610418294103,
  "i18n/i18n_ko.properties": 1610111534314,
  "i18n/i18n.properties": 1610418294111,
  "manifest.json": 1610578424188,
  "model/mockData.json": 1610578051486,
  "model/models.js": 1610070539815,
  "model/formatter.js": 1610083764657,
  "controller/View2.controller.js": 1610578051462,
  "controller/View1.controller.js": 1610578051494,
  "controller/CreateTODiv2.controller.js": 1610578051478,
  "controller/CreateTODiv.controller.js": 1610578051494,
  "controller/BaseController.js": 1610093938199,
  "controller/App.controller.js": 1610093938207,
  "Component.js": 1610070539811,
  "manifest-bundle.zip": 1610578423520,
  "Component-preload.js": 1610578424055,
  "controller/View2-dbg.controller.js": 1610578051462,
  "model/formatter-dbg.js": 1610083764657,
  "model/models-dbg.js": 1610070539815,
  "controller/View1-dbg.controller.js": 1610578051494,
  "controller/CreateTODiv2-dbg.controller.js": 1610578051478,
  "controller/CreateTODiv-dbg.controller.js": 1610578051494,
  "controller/BaseController-dbg.js": 1610093938199,
  "controller/App-dbg.controller.js": 1610093938207,
  "Component-dbg.js": 1610070539811,
  "resources.json": 1610578424194,
  "view/View2.view.xml": 1610578051462,
  "view/View1.view.xml": 1610418294103,
  "view/CreateTODiv2.view.xml": 1610578051478,
  "i18n/i18n_ko_KR.properties": 1610111534318,
  "view/App.view.xml": 1610093938207,
  "css/style.css": 1610070539815,
  "index.html": 1610416531543
}