{
    "resources": [
        {
            "name": "controller/CreateTODiv2.controller.js"
        },
        {
            "name": "i18n/i18n_ko.properties",
            "raw": "i18n/i18n.properties",
            "locale": "_ko"
        },
        {
            "name": "i18n/i18n.properties",
            "raw": "i18n/i18n.properties"
        },
        {
            "name": "Component.js"
        },
        {
            "name": "manifest.json"
        },
        {
            "name": "model/models.js"
        },
        {
            "name": "model/formatter.js"
        },
        {
            "name": "controller/View2.controller.js"
        },
        {
            "name": "controller/View1.controller.js"
        },
        {
            "name": "i18n/i18n_ko_KR.properties",
            "raw": "i18n/i18n.properties",
            "locale": "_ko_KR"
        },
        {
            "name": "controller/CreateTODiv.controller.js"
        },
        {
            "name": "controller/BaseController.js"
        },
        {
            "name": "controller/App.controller.js"
        },
        {
            "name": "model/mockData.json"
        },
        {
            "name": "manifest-bundle.zip"
        },
        {
            "name": "Component-preload.js",
            "merged": true
        },
        {
            "name": "controller/App-dbg.controller.js",
            "isDebug": true
        },
        {
            "name": "model/formatter-dbg.js",
            "isDebug": true
        },
        {
            "name": "controller/View2-dbg.controller.js",
            "isDebug": true
        },
        {
            "name": "controller/View1-dbg.controller.js",
            "isDebug": true
        },
        {
            "name": "controller/CreateTODiv2-dbg.controller.js",
            "isDebug": true
        },
        {
            "name": "controller/CreateTODiv-dbg.controller.js",
            "isDebug": true
        },
        {
            "name": "controller/BaseController-dbg.js",
            "isDebug": true
        },
        {
            "name": "model/models-dbg.js",
            "isDebug": true
        },
        {
            "name": "Component-dbg.js",
            "isDebug": true
        },
        {
            "name": "../../../../sap-ui-version.json"
        },
        {
            "name": "view/View2.view.xml"
        },
        {
            "name": "view/View1.view.xml"
        },
        {
            "name": "view/CreateTODiv2.view.xml"
        },
        {
            "name": "view/CreateTODiv.view.xml"
        },
        {
            "name": "view/App.view.xml"
        },
        {
            "name": "css/style.css"
        },
        {
            "name": "index.html"
        },
        {
            "name": ".DS_Store"
        }
    ]
}