{
  "controller/CreateTODiv-dbg.controller.js": 1610695616393,
  "i18n/i18n_ko.properties": 1610689318593,
  "i18n/i18n.properties": 1610689318597,
  "Component.js": 1610689318389,
  "manifest.json": 1610756664275,
  "model/models.js": 1610689318389,
  "model/formatter.js": 1610689318389,
  "controller/View2.controller.js": 1610695616393,
  "controller/View1.controller.js": 1610695616393,
  "controller/CreateTODiv2.controller.js": 1610695616401,
  "controller/CreateTODiv.controller.js": 1610695616393,
  "controller/BaseController.js": 1610689318389,
  "controller/App.controller.js": 1610689318385,
  "model/mockData.json": 1610694799944,
  "manifest-bundle.zip": 1610756663625,
  "Component-preload.js": 1610756664128,
  "controller/App-dbg.controller.js": 1610689318385,
  "model/formatter-dbg.js": 1610689318389,
  "controller/View2-dbg.controller.js": 1610695616393,
  "controller/View1-dbg.controller.js": 1610695616393,
  "controller/CreateTODiv2-dbg.controller.js": 1610695616401,
  "i18n/i18n_ko_KR.properties": 1610689318593,
  "controller/BaseController-dbg.js": 1610689318389,
  "model/models-dbg.js": 1610689318389,
  "Component-dbg.js": 1610689318389,
  "resources.json": 1610756664278,
  "view/View2.view.xml": 1610756407068,
  "view/View1.view.xml": 1610756407068,
  "view/CreateTODiv2.view.xml": 1610756407076,
  "view/CreateTODiv.view.xml": 1610756407076,
  "view/App.view.xml": 1610689318589,
  "css/style.css": 1610756407080,
  "index.html": 1610689318373,
  ".DS_Store": 1610689318377
}